日付,島,strong,candidate,lag1_strong,lag1_candidate,lag2_strong,lag2_candidate,lag3_strong,lag3_candidate,strong_last3
2026-01-19,ガール島,0,1,0,0,0,0,1,1,1
2026-01-29,ガール島,0,0,0,1,0,0,0,0,0
2026-02-09,ガール島,0,0,0,0,0,1,0,0,0
2026-02-19,ガール島,1,1,0,0,0,0,0,1,0
2026-03-09,ガール島,0,0,1,1,0,0,0,0,1
2026-03-19,ガール島,0,0,0,0,1,1,0,0,1
2026-03-29,ガール島,0,0,0,0,0,0,1,1,1
2026-04-09,ガール島,1,1,0,0,0,0,0,0,0
2026-04-19,ガール島,0,0,1,1,0,0,0,0,1
2026-04-29,ガール島,0,0,0,0,1,1,0,0,1
2026-05-09,ガール島,1,1,0,0,0,0,1,1,1
2026-05-19,ガール島,1,1,1,1,0,0,0,0,1
2026-05-29,ガール島,0,0,1,1,1,1,0,0,2
2026-06-09,ガール島,0,0,0,0,1,1,1,1,2
2026-06-19,ガール島,0,0,0,0,0,0,1,1,1
2026-06-29,ガール島,0,0,0,0,0,0,0,0,0
2026-07-09,ガール島,0,0,0,0,0,0,0,0,0
2026-07-19,ガール島,0,0,0,0,0,0,0,0,0
2026-07-29,ガール島,0,0,0,0,0,0,0,0,0
2026-08-09,ガール島,1,1,0,0,0,0,0,0,0
2026-01-19,ゴー島①,1,1,0,0,1,1,0,0,1
2026-01-29,ゴー島①,0,1,1,1,0,0,1,1,2
2026-02-09,ゴー島①,1,1,0,1,1,1,0,0,1
2026-02-19,ゴー島①,0,0,1,1,0,1,1,1,2
2026-03-09,ゴー島①,1,1,0,0,1,1,0,1,1
2026-03-19,ゴー島①,0,0,1,1,0,0,1,1,2
2026-03-29,ゴー島①,0,0,0,0,1,1,0,0,1
2026-04-09,ゴー島①,0,0,0,0,0,0,1,1,1
2026-04-19,ゴー島①,0,0,0,0,0,0,0,0,0
2026-04-29,ゴー島①,0,0,0,0,0,0,0,0,0
2026-05-09,ゴー島①,0,0,0,0,0,0,0,0,0
2026-05-19,ゴー島①,0,0,0,0,0,0,0,0,0
2026-05-29,ゴー島①,0,0,0,0,0,0,0,0,0
2026-06-09,ゴー島①,0,0,0,0,0,0,0,0,0
2026-06-19,ゴー島①,0,0,0,0,0,0,0,0,0
2026-06-29,ゴー島①,0,0,0,0,0,0,0,0,0
2026-07-09,ゴー島①,0,0,0,0,0,0,0,0,0
2026-07-19,ゴー島①,0,0,0,0,0,0,0,0,0
2026-07-29,ゴー島①,0,0,0,0,0,0,0,0,0
2026-08-09,ゴー島①,0,0,0,0,0,0,0,0,0
2026-01-19,ゴー島②,1,1,0,0,0,0,0,0,0
2026-01-29,ゴー島②,0,0,1,1,0,0,0,0,1
2026-02-09,ゴー島②,0,0,0,0,1,1,0,0,1
2026-02-19,ゴー島②,1,1,0,0,0,0,1,1,1
2026-03-09,ゴー島②,0,0,1,1,0,0,0,0,1
2026-03-19,ゴー島②,0,0,0,0,1,1,0,0,1
2026-03-29,ゴー島②,0,0,0,0,0,0,1,1,1
2026-04-09,ゴー島②,0,0,0,0,0,0,0,0,0
2026-04-19,ゴー島②,0,0,0,0,0,0,0,0,0
2026-04-29,ゴー島②,0,0,0,0,0,0,0,0,0
2026-05-09,ゴー島②,0,0,0,0,0,0,0,0,0
2026-05-19,ゴー島②,0,0,0,0,0,0,0,0,0
2026-05-29,ゴー島②,0,0,0,0,0,0,0,0,0
2026-06-09,ゴー島②,0,0,0,0,0,0,0,0,0
2026-06-19,ゴー島②,0,0,0,0,0,0,0,0,0
2026-06-29,ゴー島②,1,1,0,0,0,0,0,0,0
2026-07-09,ゴー島②,1,1,1,1,0,0,0,0,1
2026-07-19,ゴー島②,0,0,1,1,1,1,0,0,2
2026-07-29,ゴー島②,0,0,0,0,1,1,1,1,2
2026-08-09,ゴー島②,0,0,0,0,0,0,1,1,1
2026-01-19,ネオアイム島①,0,0,0,1,0,0,0,0,0
2026-01-29,ネオアイム島①,1,1,0,0,0,1,0,0,0
2026-02-09,ネオアイム島①,0,0,1,1,0,0,0,1,1
2026-02-19,ネオアイム島①,0,0,0,0,1,1,0,0,1
2026-03-09,ネオアイム島①,0,0,0,0,0,0,1,1,1
2026-03-19,ネオアイム島①,0,1,0,0,0,0,0,0,0
2026-03-29,ネオアイム島①,0,0,0,1,0,0,0,0,0
2026-04-09,ネオアイム島①,0,1,0,0,0,1,0,0,0
2026-04-19,ネオアイム島①,0,0,0,1,0,0,0,1,0
2026-04-29,ネオアイム島①,0,0,0,0,0,1,0,0,0
2026-05-09,ネオアイム島①,0,0,0,0,0,0,0,1,0
2026-05-19,ネオアイム島①,0,0,0,0,0,0,0,0,0
2026-05-29,ネオアイム島①,0,0,0,0,0,0,0,0,0
2026-06-09,ネオアイム島①,0,1,0,0,0,0,0,0,0
2026-06-19,ネオアイム島①,0,0,0,1,0,0,0,0,0
2026-06-29,ネオアイム島①,0,0,0,0,0,1,0,0,0
2026-07-09,ネオアイム島①,0,0,0,0,0,0,0,1,0
2026-07-19,ネオアイム島①,0,0,0,0,0,0,0,0,0
2026-07-29,ネオアイム島①,0,0,0,0,0,0,0,0,0
2026-08-09,ネオアイム島①,0,0,0,0,0,0,0,0,0
2026-01-19,ネオアイム島②,0,0,0,0,0,0,0,0,0
2026-01-29,ネオアイム島②,1,1,0,0,0,0,0,0,0
2026-02-09,ネオアイム島②,0,0,1,1,0,0,0,0,1
2026-02-19,ネオアイム島②,0,0,0,0,1,1,0,0,1
2026-03-09,ネオアイム島②,0,0,0,0,0,0,1,1,1
2026-03-19,ネオアイム島②,0,0,0,0,0,0,0,0,0
2026-03-29,ネオアイム島②,0,0,0,0,0,0,0,0,0
2026-04-09,ネオアイム島②,0,0,0,0,0,0,0,0,0
2026-04-19,ネオアイム島②,0,0,0,0,0,0,0,0,0
2026-04-29,ネオアイム島②,0,0,0,0,0,0,0,0,0
2026-05-09,ネオアイム島②,0,0,0,0,0,0,0,0,0
2026-05-19,ネオアイム島②,0,0,0,0,0,0,0,0,0
2026-05-29,ネオアイム島②,0,0,0,0,0,0,0,0,0
2026-06-09,ネオアイム島②,0,0,0,0,0,0,0,0,0
2026-06-19,ネオアイム島②,0,1,0,0,0,0,0,0,0
2026-06-29,ネオアイム島②,0,0,0,1,0,0,0,0,0
2026-07-09,ネオアイム島②,1,1,0,0,0,1,0,0,0
2026-07-19,ネオアイム島②,0,0,1,1,0,0,0,1,1
2026-07-29,ネオアイム島②,0,1,0,0,1,1,0,0,1
2026-08-09,ネオアイム島②,0,0,0,1,0,0,1,1,1
2026-01-19,ネオアイム島③,0,0,0,0,0,0,0,0,0
2026-01-29,ネオアイム島③,0,1,0,0,0,0,0,0,0
2026-02-09,ネオアイム島③,0,0,0,1,0,0,0,0,0
2026-02-19,ネオアイム島③,0,0,0,0,0,1,0,0,0
2026-03-09,ネオアイム島③,0,0,0,0,0,0,0,1,0
2026-03-19,ネオアイム島③,0,0,0,0,0,0,0,0,0
2026-03-29,ネオアイム島③,0,0,0,0,0,0,0,0,0
2026-04-09,ネオアイム島③,0,0,0,0,0,0,0,0,0
2026-04-19,ネオアイム島③,0,0,0,0,0,0,0,0,0
2026-04-29,ネオアイム島③,0,0,0,0,0,0,0,0,0
2026-05-09,ネオアイム島③,0,0,0,0,0,0,0,0,0
2026-05-19,ネオアイム島③,0,0,0,0,0,0,0,0,0
2026-05-29,ネオアイム島③,0,0,0,0,0,0,0,0,0
2026-06-09,ネオアイム島③,0,0,0,0,0,0,0,0,0
2026-06-19,ネオアイム島③,0,0,0,0,0,0,0,0,0
2026-06-29,ネオアイム島③,0,0,0,0,0,0,0,0,0
2026-07-09,ネオアイム島③,0,0,0,0,0,0,0,0,0
2026-07-19,ネオアイム島③,0,0,0,0,0,0,0,0,0
2026-07-29,ネオアイム島③,0,0,0,0,0,0,0,0,0
2026-08-09,ネオアイム島③,0,0,0,0,0,0,0,0,0
2026-01-19,ネオアイム島④,0,0,0,0,0,0,0,0,0
2026-01-29,ネオアイム島④,0,1,0,0,0,0,0,0,0
2026-02-09,ネオアイム島④,0,0,0,1,0,0,0,0,0
2026-02-19,ネオアイム島④,0,0,0,0,0,1,0,0,0
2026-03-09,ネオアイム島④,0,0,0,0,0,0,0,1,0
2026-03-19,ネオアイム島④,0,0,0,0,0,0,0,0,0
2026-03-29,ネオアイム島④,0,0,0,0,0,0,0,0,0
2026-04-09,ネオアイム島④,0,0,0,0,0,0,0,0,0
2026-04-19,ネオアイム島④,0,0,0,0,0,0,0,0,0
2026-04-29,ネオアイム島④,0,0,0,0,0,0,0,0,0
2026-05-09,ネオアイム島④,1,1,0,0,0,0,0,0,0
2026-05-19,ネオアイム島④,0,0,1,1,0,0,0,0,1
2026-05-29,ネオアイム島④,0,0,0,0,1,1,0,0,1
2026-06-09,ネオアイム島④,0,0,0,0,0,0,1,1,1
2026-06-19,ネオアイム島④,1,1,0,0,0,0,0,0,0
2026-06-29,ネオアイム島④,0,0,1,1,0,0,0,0,1
2026-07-09,ネオアイム島④,0,0,0,0,1,1,0,0,1
2026-07-19,ネオアイム島④,0,0,0,0,0,0,1,1,1
2026-07-29,ネオアイム島④,0,0,0,0,0,0,0,0,0
2026-08-09,ネオアイム島④,0,0,0,0,0,0,0,0,0
2026-01-19,ネオアイム島⑤,0,0,0,0,0,0,0,0,0
2026-01-29,ネオアイム島⑤,1,1,0,0,0,0,0,0,0
2026-02-09,ネオアイム島⑤,0,0,1,1,0,0,0,0,1
2026-02-19,ネオアイム島⑤,0,0,0,0,1,1,0,0,1
2026-03-09,ネオアイム島⑤,0,0,0,0,0,0,1,1,1
2026-03-19,ネオアイム島⑤,0,0,0,0,0,0,0,0,0
2026-03-29,ネオアイム島⑤,0,0,0,0,0,0,0,0,0
2026-04-09,ネオアイム島⑤,0,0,0,0,0,0,0,0,0
2026-04-19,ネオアイム島⑤,1,1,0,0,0,0,0,0,0
2026-04-29,ネオアイム島⑤,0,0,1,1,0,0,0,0,1
2026-05-09,ネオアイム島⑤,0,0,0,0,1,1,0,0,1
2026-05-19,ネオアイム島⑤,0,0,0,0,0,0,1,1,1
2026-05-29,ネオアイム島⑤,0,0,0,0,0,0,0,0,0
2026-06-09,ネオアイム島⑤,0,0,0,0,0,0,0,0,0
2026-06-19,ネオアイム島⑤,0,0,0,0,0,0,0,0,0
2026-06-29,ネオアイム島⑤,1,1,0,0,0,0,0,0,0
2026-07-09,ネオアイム島⑤,0,0,1,1,0,0,0,0,1
2026-07-19,ネオアイム島⑤,1,1,0,0,1,1,0,0,1
2026-07-29,ネオアイム島⑤,0,0,1,1,0,0,1,1,2
2026-08-09,ネオアイム島⑤,0,0,0,0,1,1,0,0,1
2026-01-19,ハッピ島,0,0,0,0,1,1,0,0,1
2026-01-29,ハッピ島,0,0,0,0,0,0,1,1,1
2026-02-09,ハッピ島,1,1,0,0,0,0,0,0,0
2026-02-19,ハッピ島,0,0,1,1,0,0,0,0,1
2026-03-09,ハッピ島,0,0,0,0,1,1,0,0,1
2026-03-19,ハッピ島,1,1,0,0,0,0,1,1,1
2026-03-29,ハッピ島,0,0,1,1,0,0,0,0,1
2026-04-09,ハッピ島,0,0,0,0,1,1,0,0,1
2026-04-19,ハッピ島,0,0,0,0,0,0,1,1,1
2026-04-29,ハッピ島,0,0,0,0,0,0,0,0,0
2026-05-09,ハッピ島,0,0,0,0,0,0,0,0,0
2026-05-19,ハッピ島,0,0,0,0,0,0,0,0,0
2026-05-29,ハッピ島,1,1,0,0,0,0,0,0,0
2026-06-09,ハッピ島,0,0,1,1,0,0,0,0,1
2026-06-19,ハッピ島,0,0,0,0,1,1,0,0,1
2026-06-29,ハッピ島,0,0,0,0,0,0,1,1,1
2026-07-09,ハッピ島,0,0,0,0,0,0,0,0,0
2026-07-19,ハッピ島,1,1,0,0,0,0,0,0,0
2026-07-29,ハッピ島,0,0,1,1,0,0,0,0,1
2026-08-09,ハッピ島,0,0,0,0,1,1,0,0,1
2026-01-19,ファン島①,1,1,0,0,0,0,0,0,0
2026-01-29,ファン島①,0,1,1,1,0,0,0,0,1
2026-02-09,ファン島①,0,0,0,1,1,1,0,0,1
2026-02-19,ファン島①,0,0,0,0,0,1,1,1,1
2026-03-09,ファン島①,0,0,0,0,0,0,0,1,0
2026-03-19,ファン島①,0,0,0,0,0,0,0,0,0
2026-03-29,ファン島①,0,0,0,0,0,0,0,0,0
2026-04-09,ファン島①,0,0,0,0,0,0,0,0,0
2026-04-19,ファン島①,1,1,0,0,0,0,0,0,0
2026-04-29,ファン島①,0,0,1,1,0,0,0,0,1
2026-05-09,ファン島①,0,0,0,0,1,1,0,0,1
2026-05-19,ファン島①,0,0,0,0,0,0,1,1,1
2026-05-29,ファン島①,0,1,0,0,0,0,0,0,0
2026-06-09,ファン島①,0,0,0,1,0,0,0,0,0
2026-06-19,ファン島①,0,0,0,0,0,1,0,0,0
2026-06-29,ファン島①,1,1,0,0,0,0,0,1,0
2026-07-09,ファン島①,0,0,1,1,0,0,0,0,1
2026-07-19,ファン島①,1,1,0,0,1,1,0,0,1
2026-07-29,ファン島①,0,0,1,1,0,0,1,1,2
2026-08-09,ファン島①,0,0,0,0,1,1,0,0,1
2026-01-19,ファン島②,1,1,1,1,0,0,0,0,1
2026-01-29,ファン島②,0,0,1,1,1,1,0,0,2
2026-02-09,ファン島②,0,0,0,0,1,1,1,1,2
2026-02-19,ファン島②,0,0,0,0,0,0,1,1,1
2026-03-09,ファン島②,0,0,0,0,0,0,0,0,0
2026-03-19,ファン島②,0,0,0,0,0,0,0,0,0
2026-03-29,ファン島②,0,0,0,0,0,0,0,0,0
2026-04-09,ファン島②,0,0,0,0,0,0,0,0,0
2026-04-19,ファン島②,0,0,0,0,0,0,0,0,0
2026-04-29,ファン島②,0,0,0,0,0,0,0,0,0
2026-05-09,ファン島②,0,0,0,0,0,0,0,0,0
2026-05-19,ファン島②,0,0,0,0,0,0,0,0,0
2026-05-29,ファン島②,0,0,0,0,0,0,0,0,0
2026-06-09,ファン島②,0,1,0,0,0,0,0,0,0
2026-06-19,ファン島②,0,0,0,1,0,0,0,0,0
2026-06-29,ファン島②,0,0,0,0,0,1,0,0,0
2026-07-09,ファン島②,0,0,0,0,0,0,0,1,0
2026-07-19,ファン島②,0,0,0,0,0,0,0,0,0
2026-07-29,ファン島②,0,0,0,0,0,0,0,0,0
2026-08-09,ファン島②,0,0,0,0,0,0,0,0,0
2026-01-19,マイジャグ島A,0,0,0,0,0,0,0,0,0
2026-01-29,マイジャグ島A,0,0,0,0,0,0,0,0,0
2026-02-09,マイジャグ島A,0,0,0,0,0,0,0,0,0
2026-02-19,マイジャグ島A,0,0,0,0,0,0,0,0,0
2026-03-09,マイジャグ島A,0,0,0,0,0,0,0,0,0
2026-03-19,マイジャグ島A,0,0,0,0,0,0,0,0,0
2026-03-29,マイジャグ島A,0,0,0,0,0,0,0,0,0
2026-04-09,マイジャグ島A,0,0,0,0,0,0,0,0,0
2026-04-19,マイジャグ島A,0,0,0,0,0,0,0,0,0
2026-04-29,マイジャグ島A,0,1,0,0,0,0,0,0,0
2026-05-09,マイジャグ島A,0,0,0,1,0,0,0,0,0
2026-05-19,マイジャグ島A,0,0,0,0,0,1,0,0,0
2026-05-29,マイジャグ島A,0,1,0,0,0,0,0,1,0
2026-06-09,マイジャグ島A,0,0,0,1,0,0,0,0,0
2026-06-19,マイジャグ島A,1,1,0,0,0,1,0,0,0
2026-06-29,マイジャグ島A,1,1,1,1,0,0,0,1,1
2026-07-09,マイジャグ島A,0,1,1,1,1,1,0,0,2
2026-07-19,マイジャグ島A,1,1,0,1,1,1,1,1,2
2026-07-29,マイジャグ島A,0,0,1,1,0,1,1,1,2
2026-08-09,マイジャグ島A,0,0,0,0,1,1,0,1,1
2026-01-19,マイジャグ島B,0,0,0,0,0,0,0,0,0
2026-01-29,マイジャグ島B,0,0,0,0,0,0,0,0,0
2026-02-09,マイジャグ島B,0,0,0,0,0,0,0,0,0
2026-02-19,マイジャグ島B,0,0,0,0,0,0,0,0,0
2026-03-09,マイジャグ島B,0,0,0,0,0,0,0,0,0
2026-03-19,マイジャグ島B,0,0,0,0,0,0,0,0,0
2026-03-29,マイジャグ島B,0,0,0,0,0,0,0,0,0
2026-04-09,マイジャグ島B,0,0,0,0,0,0,0,0,0
2026-04-19,マイジャグ島B,1,1,0,0,0,0,0,0,0
2026-04-29,マイジャグ島B,1,1,1,1,0,0,0,0,1
2026-05-09,マイジャグ島B,0,0,1,1,1,1,0,0,2
2026-05-19,マイジャグ島B,1,1,0,0,1,1,1,1,2
2026-05-29,マイジャグ島B,1,1,1,1,0,0,1,1,2
2026-06-09,マイジャグ島B,1,1,1,1,1,1,0,0,2
2026-06-19,マイジャグ島B,1,1,1,1,1,1,1,1,3
2026-06-29,マイジャグ島B,1,1,1,1,1,1,1,1,3
2026-07-09,マイジャグ島B,1,1,1,1,1,1,1,1,3
2026-07-19,マイジャグ島B,1,1,1,1,1,1,1,1,3
2026-07-29,マイジャグ島B,1,1,1,1,1,1,1,1,3
2026-08-09,マイジャグ島B,0,0,1,1,1,1,1,1,3
2026-01-19,マイジャグ島C,0,0,0,0,0,0,0,0,0
2026-01-29,マイジャグ島C,0,0,0,0,0,0,0,0,0
2026-02-09,マイジャグ島C,0,0,0,0,0,0,0,0,0
2026-02-19,マイジャグ島C,0,0,0,0,0,0,0,0,0
2026-03-09,マイジャグ島C,0,0,0,0,0,0,0,0,0
2026-03-19,マイジャグ島C,0,0,0,0,0,0,0,0,0
2026-03-29,マイジャグ島C,0,0,0,0,0,0,0,0,0
2026-04-09,マイジャグ島C,0,0,0,0,0,0,0,0,0
2026-04-19,マイジャグ島C,0,0,0,0,0,0,0,0,0
2026-04-29,マイジャグ島C,0,0,0,0,0,0,0,0,0
2026-05-09,マイジャグ島C,0,0,0,0,0,0,0,0,0
2026-05-19,マイジャグ島C,0,0,0,0,0,0,0,0,0
2026-05-29,マイジャグ島C,0,0,0,0,0,0,0,0,0
2026-06-09,マイジャグ島C,0,0,0,0,0,0,0,0,0
2026-06-19,マイジャグ島C,0,0,0,0,0,0,0,0,0
2026-06-29,マイジャグ島C,0,0,0,0,0,0,0,0,0
2026-07-09,マイジャグ島C,0,0,0,0,0,0,0,0,0
2026-07-19,マイジャグ島C,0,0,0,0,0,0,0,0,0
2026-07-29,マイジャグ島C,0,0,0,0,0,0,0,0,0
2026-08-09,マイジャグ島C,0,0,0,0,0,0,0,0,0
2026-01-19,マイジャグ島D,0,0,0,0,0,0,0,0,0
2026-01-29,マイジャグ島D,0,0,0,0,0,0,0,0,0
2026-02-09,マイジャグ島D,0,0,0,0,0,0,0,0,0
2026-02-19,マイジャグ島D,0,0,0,0,0,0,0,0,0
2026-03-09,マイジャグ島D,0,0,0,0,0,0,0,0,0
2026-03-19,マイジャグ島D,0,0,0,0,0,0,0,0,0
2026-03-29,マイジャグ島D,0,0,0,0,0,0,0,0,0
2026-04-09,マイジャグ島D,0,0,0,0,0,0,0,0,0
2026-04-19,マイジャグ島D,0,0,0,0,0,0,0,0,0
2026-04-29,マイジャグ島D,0,0,0,0,0,0,0,0,0
2026-05-09,マイジャグ島D,0,0,0,0,0,0,0,0,0
2026-05-19,マイジャグ島D,0,0,0,0,0,0,0,0,0
2026-05-29,マイジャグ島D,0,0,0,0,0,0,0,0,0
2026-06-09,マイジャグ島D,0,0,0,0,0,0,0,0,0
2026-06-19,マイジャグ島D,0,0,0,0,0,0,0,0,0
2026-06-29,マイジャグ島D,0,0,0,0,0,0,0,0,0
2026-07-09,マイジャグ島D,0,0,0,0,0,0,0,0,0
2026-07-19,マイジャグ島D,0,0,0,0,0,0,0,0,0
2026-07-29,マイジャグ島D,0,0,0,0,0,0,0,0,0
2026-08-09,マイジャグ島D,0,0,0,0,0,0,0,0,0
2026-01-19,ミスタ島,0,0,0,0,0,0,0,0,0
2026-01-29,ミスタ島,1,1,0,0,0,0,0,0,0
2026-02-09,ミスタ島,0,1,1,1,0,0,0,0,1
2026-02-19,ミスタ島,0,0,0,1,1,1,0,0,1
2026-03-09,ミスタ島,0,0,0,0,0,1,1,1,1
2026-03-19,ミスタ島,0,0,0,0,0,0,0,1,0
2026-03-29,ミスタ島,0,0,0,0,0,0,0,0,0
2026-04-09,ミスタ島,0,0,0,0,0,0,0,0,0
2026-04-19,ミスタ島,0,0,0,0,0,0,0,0,0
2026-04-29,ミスタ島,0,0,0,0,0,0,0,0,0
2026-05-09,ミスタ島,0,0,0,0,0,0,0,0,0
2026-05-19,ミスタ島,0,0,0,0,0,0,0,0,0
2026-05-29,ミスタ島,0,0,0,0,0,0,0,0,0
2026-06-09,ミスタ島,1,1,0,0,0,0,0,0,0
2026-06-19,ミスタ島,0,0,1,1,0,0,0,0,1
2026-06-29,ミスタ島,0,0,0,0,1,1,0,0,1
2026-07-09,ミスタ島,0,0,0,0,0,0,1,1,1
2026-07-19,ミスタ島,1,1,0,0,0,0,0,0,0
2026-07-29,ミスタ島,0,0,1,1,0,0,0,0,1
2026-08-09,ミスタ島,0,1,0,0,1,1,0,0,1
2026-01-19,ミラクル島,0,0,0,0,0,0,0,0,0
2026-01-29,ミラクル島,0,1,0,0,0,0,0,0,0
2026-02-09,ミラクル島,0,0,0,1,0,0,0,0,0
2026-02-19,ミラクル島,0,0,0,0,0,1,0,0,0
2026-03-09,ミラクル島,0,0,0,0,0,0,0,1,0
2026-03-19,ミラクル島,0,0,0,0,0,0,0,0,0
2026-03-29,ミラクル島,0,0,0,0,0,0,0,0,0
2026-04-09,ミラクル島,0,0,0,0,0,0,0,0,0
2026-04-19,ミラクル島,0,0,0,0,0,0,0,0,0
2026-04-29,ミラクル島,1,1,0,0,0,0,0,0,0
2026-05-09,ミラクル島,0,0,1,1,0,0,0,0,1
2026-05-19,ミラクル島,0,0,0,0,1,1,0,0,1
2026-05-29,ミラクル島,0,0,0,0,0,0,1,1,1
2026-06-09,ミラクル島,0,0,0,0,0,0,0,0,0
2026-06-19,ミラクル島,0,0,0,0,0,0,0,0,0
2026-06-29,ミラクル島,0,0,0,0,0,0,0,0,0
2026-07-09,ミラクル島,0,0,0,0,0,0,0,0,0
2026-07-19,ミラクル島,0,0,0,0,0,0,0,0,0
2026-07-29,ミラクル島,0,0,0,0,0,0,0,0,0
2026-08-09,ミラクル島,0,0,0,0,0,0,0,0,0
