日付,営業日タイプ,島,台数,平均G数,平均合成確率,◎台数,○以上台数,△以上台数,◎率,○以上率,△以上率,実績スコア,判定,強い全台系フラグ,候補フラグ
2026-03-09,9の日,ガール島,10,6602.5,174.25,1,1,4,10.0,10.0,40.0,16.0,通常,0,0
2026-03-09,9の日,ゴー島①,10,9258.3,116.07,7,10,10,70.0,100.0,100.0,85.0,強い全台系,1,1
2026-03-09,9の日,ゴー島②,10,6725.1,155.0,2,4,6,20.0,40.0,60.0,34.0,通常,0,0
2026-03-09,9の日,ネオアイム島①,8,6409.38,178.8,0,1,3,0.0,12.5,37.5,11.25,通常,0,0
2026-03-09,9の日,ネオアイム島②,8,7531.0,149.04,2,3,4,25.0,37.5,50.0,33.75,通常,0,0
2026-03-09,9の日,ネオアイム島③,12,6723.33,166.07,2,3,5,16.67,25.0,41.67,24.17,通常,0,0
2026-03-09,9の日,ネオアイム島④,12,6585.08,178.93,0,0,3,0.0,0.0,25.0,5.0,通常,0,0
2026-03-09,9の日,ネオアイム島⑤,8,6238.25,191.78,0,1,2,0.0,12.5,25.0,8.75,通常,0,0
2026-03-09,9の日,ハッピ島,8,6579.75,152.0,0,1,2,0.0,12.5,25.0,8.75,通常,0,0
2026-03-09,9の日,ファン島①,10,7083.8,177.95,0,3,3,0.0,30.0,30.0,15.0,通常,0,0
2026-03-09,9の日,ファン島②,10,6444.5,175.06,1,1,3,10.0,10.0,30.0,14.0,通常,0,0
2026-03-09,9の日,マイジャグ島A,15,7008.93,167.16,1,2,6,6.67,13.33,40.0,15.33,通常,0,0
2026-03-09,9の日,マイジャグ島B,10,7783.5,150.69,2,3,4,20.0,30.0,40.0,27.0,通常,0,0
2026-03-09,9の日,マイジャグ島C,10,7611.0,149.37,1,1,5,10.0,10.0,50.0,18.0,通常,0,0
2026-03-09,9の日,マイジャグ島D,15,7166.07,159.09,1,1,6,6.67,6.67,40.0,13.33,通常,0,0
2026-03-09,9の日,ミスタ島,10,6735.5,148.66,1,1,5,10.0,10.0,50.0,18.0,通常,0,0
2026-03-09,9の日,ミラクル島,10,7589.4,156.52,1,3,5,10.0,30.0,50.0,24.0,通常,0,0
2026-03-19,9の日,ガール島,10,6714.8,151.27,4,4,4,40.0,40.0,40.0,40.0,全台系候補,0,1
2026-03-19,9の日,ゴー島①,10,6124.5,154.91,1,2,3,10.0,20.0,30.0,17.0,通常,0,0
2026-03-19,9の日,ゴー島②,10,6530.0,143.96,2,4,4,20.0,40.0,40.0,30.0,通常,0,0
2026-03-19,9の日,ネオアイム島①,8,6056.62,144.57,1,3,6,12.5,37.5,75.0,32.5,通常,0,0
2026-03-19,9の日,ネオアイム島②,8,5723.75,152.88,1,1,4,12.5,12.5,50.0,20.0,通常,0,0
2026-03-19,9の日,ネオアイム島③,12,6740.25,157.87,1,4,4,8.33,33.33,33.33,20.83,通常,0,0
2026-03-19,9の日,ネオアイム島④,12,6195.25,150.24,4,5,7,33.33,41.67,58.33,40.83,通常,0,0
2026-03-19,9の日,ネオアイム島⑤,8,6362.0,166.01,0,0,2,0.0,0.0,25.0,5.0,通常,0,0
2026-03-19,9の日,ハッピ島,8,8894.0,132.02,3,5,7,37.5,62.5,87.5,55.0,全台系候補,0,1
2026-03-19,9の日,ファン島①,10,7194.9,183.22,0,2,5,0.0,20.0,50.0,16.0,通常,0,0
2026-03-19,9の日,ファン島②,10,7532.2,147.92,1,4,5,10.0,40.0,50.0,27.0,通常,0,0
2026-03-19,9の日,マイジャグ島A,15,7562.87,150.52,1,4,7,6.67,26.67,46.67,20.67,通常,0,0
2026-03-19,9の日,マイジャグ島B,10,7511.3,147.55,0,3,5,0.0,30.0,50.0,19.0,通常,0,0
2026-03-19,9の日,マイジャグ島C,10,6879.2,156.47,0,2,4,0.0,20.0,40.0,14.0,通常,0,0
2026-03-19,9の日,マイジャグ島D,15,7488.73,161.85,2,2,5,13.33,13.33,33.33,17.33,通常,0,0
2026-03-19,9の日,ミスタ島,10,7052.6,153.26,1,2,4,10.0,20.0,40.0,19.0,通常,0,0
2026-03-19,9の日,ミラクル島,10,8052.4,145.38,1,2,5,10.0,20.0,50.0,21.0,通常,0,0
2026-03-29,9の日,ガール島,10,8084.3,151.92,2,2,4,20.0,20.0,40.0,24.0,通常,0,0
2026-03-29,9の日,ゴー島①,10,6649.1,156.35,1,2,3,10.0,20.0,30.0,17.0,通常,0,0
2026-03-29,9の日,ゴー島②,10,6518.4,145.97,2,3,4,20.0,30.0,40.0,27.0,通常,0,0
2026-03-29,9の日,ネオアイム島①,8,6148.12,170.49,0,0,1,0.0,0.0,12.5,2.5,通常,0,0
2026-03-29,9の日,ネオアイム島②,8,6146.62,168.0,0,0,2,0.0,0.0,25.0,5.0,通常,0,0
2026-03-29,9の日,ネオアイム島③,12,6058.42,174.65,0,1,2,0.0,8.33,16.67,5.83,通常,0,0
2026-03-29,9の日,ネオアイム島④,12,5834.42,170.73,0,2,2,0.0,16.67,16.67,8.33,通常,0,0
2026-03-29,9の日,ネオアイム島⑤,8,7814.88,154.64,1,1,3,12.5,12.5,37.5,17.5,通常,0,0
2026-03-29,9の日,ハッピ島,8,5526.62,179.02,0,1,3,0.0,12.5,37.5,11.25,通常,0,0
2026-03-29,9の日,ファン島①,10,6689.2,162.18,0,0,5,0.0,0.0,50.0,10.0,通常,0,0
2026-03-29,9の日,ファン島②,10,7958.4,141.25,4,5,6,40.0,50.0,60.0,47.0,全台系候補,0,1
2026-03-29,9の日,マイジャグ島A,15,6785.8,164.46,2,3,3,13.33,20.0,20.0,16.67,通常,0,0
2026-03-29,9の日,マイジャグ島B,10,7051.4,164.1,1,2,2,10.0,20.0,20.0,15.0,通常,0,0
2026-03-29,9の日,マイジャグ島C,10,6489.5,175.38,0,1,1,0.0,10.0,10.0,5.0,通常,0,0
2026-03-29,9の日,マイジャグ島D,15,7580.53,154.53,4,4,6,26.67,26.67,40.0,29.33,通常,0,0
2026-03-29,9の日,ミスタ島,10,5446.2,252.87,1,1,1,10.0,10.0,10.0,10.0,通常,0,0
2026-03-29,9の日,ミラクル島,10,6238.2,162.51,1,1,4,10.0,10.0,40.0,16.0,通常,0,0
2026-04-09,9の日,ガール島,10,9416.3,125.68,5,6,8,50.0,60.0,80.0,59.0,強い全台系,1,1
2026-04-09,9の日,ゴー島①,10,6889.6,150.52,1,1,5,10.0,10.0,50.0,18.0,通常,0,0
2026-04-09,9の日,ゴー島②,10,7877.2,132.86,3,3,6,30.0,30.0,60.0,36.0,通常,0,0
2026-04-09,9の日,ネオアイム島①,8,6139.0,163.85,2,2,6,25.0,25.0,75.0,35.0,通常,0,0
2026-04-09,9の日,ネオアイム島②,8,5044.12,163.4,0,0,2,0.0,0.0,25.0,5.0,通常,0,0
2026-04-09,9の日,ネオアイム島③,12,5437.33,165.73,2,2,3,16.67,16.67,25.0,18.33,通常,0,0
2026-04-09,9の日,ネオアイム島④,12,5995.17,155.97,1,3,4,8.33,25.0,33.33,18.33,通常,0,0
2026-04-09,9の日,ネオアイム島⑤,8,5224.12,163.85,0,2,3,0.0,25.0,37.5,15.0,通常,0,0
2026-04-09,9の日,ハッピ島,8,5786.12,164.64,1,1,4,12.5,12.5,50.0,20.0,通常,0,0
2026-04-09,9の日,ファン島①,10,5950.1,162.41,1,2,5,10.0,20.0,50.0,21.0,通常,0,0
2026-04-09,9の日,ファン島②,10,6010.4,152.89,1,2,5,10.0,20.0,50.0,21.0,通常,0,0
2026-04-09,9の日,マイジャグ島A,25,6699.48,170.28,1,3,9,4.0,12.0,36.0,12.8,通常,0,0
2026-04-09,9の日,マイジャグ島B,25,6722.8,174.86,1,3,4,4.0,12.0,16.0,8.8,通常,0,0
2026-04-09,9の日,ミスタ島,10,6479.4,154.43,0,1,5,0.0,10.0,50.0,13.0,通常,0,0
2026-04-09,9の日,ミラクル島,10,6776.5,155.56,0,3,4,0.0,30.0,40.0,17.0,通常,0,0
2026-04-19,9の日,ガール島,10,6699.5,154.98,0,2,5,0.0,20.0,50.0,16.0,通常,0,0
2026-04-19,9の日,ゴー島①,10,6941.8,152.12,1,2,4,10.0,20.0,40.0,19.0,通常,0,0
2026-04-19,9の日,ゴー島②,10,7493.6,143.3,2,3,4,20.0,30.0,40.0,27.0,通常,0,0
2026-04-19,9の日,ネオアイム島①,8,6209.88,154.69,0,2,3,0.0,25.0,37.5,15.0,通常,0,0
2026-04-19,9の日,ネオアイム島②,8,6495.38,151.96,0,1,4,0.0,12.5,50.0,13.75,通常,0,0
2026-04-19,9の日,ネオアイム島③,12,6533.5,154.35,1,2,5,8.33,16.67,41.67,17.5,通常,0,0
2026-04-19,9の日,ネオアイム島④,12,6772.83,166.55,2,4,5,16.67,33.33,41.67,26.67,通常,0,0
2026-04-19,9の日,ネオアイム島⑤,8,8273.12,122.71,6,7,8,75.0,87.5,100.0,83.75,強い全台系,1,1
2026-04-19,9の日,ハッピ島,8,5208.0,157.29,1,1,4,12.5,12.5,50.0,20.0,通常,0,0
2026-04-19,9の日,ファン島①,10,8866.0,127.87,5,6,9,50.0,60.0,90.0,61.0,強い全台系,1,1
2026-04-19,9の日,ファン島②,10,6250.4,164.79,1,2,4,10.0,20.0,40.0,19.0,通常,0,0
2026-04-19,9の日,マイジャグ島A,25,6824.44,164.97,2,5,8,8.0,20.0,32.0,16.4,通常,0,0
2026-04-19,9の日,マイジャグ島B,25,7449.32,157.09,3,4,13,12.0,16.0,52.0,21.2,通常,0,0
2026-04-19,9の日,ミスタ島,10,5055.4,177.77,0,0,1,0.0,0.0,10.0,2.0,通常,0,0
2026-04-19,9の日,ミラクル島,10,7226.8,148.97,1,3,6,10.0,30.0,60.0,26.0,通常,0,0
2026-04-29,9の日,ガール島,10,7628.3,149.65,2,3,4,20.0,30.0,40.0,27.0,通常,0,0
2026-04-29,9の日,ゴー島①,10,7278.2,143.42,2,2,3,20.0,20.0,30.0,22.0,通常,0,0
2026-04-29,9の日,ゴー島②,10,7701.0,134.97,2,3,4,20.0,30.0,40.0,27.0,通常,0,0
2026-04-29,9の日,ネオアイム島①,8,6562.12,157.89,2,3,4,25.0,37.5,50.0,33.75,通常,0,0
2026-04-29,9の日,ネオアイム島②,8,7030.25,147.94,1,1,3,12.5,12.5,37.5,17.5,通常,0,0
2026-04-29,9の日,ネオアイム島③,12,6902.42,158.48,1,2,5,8.33,16.67,41.67,17.5,通常,0,0
2026-04-29,9の日,ネオアイム島④,12,7096.75,155.76,2,2,4,16.67,16.67,33.33,20.0,通常,0,0
2026-04-29,9の日,ネオアイム島⑤,8,6954.62,155.82,1,1,3,12.5,12.5,37.5,17.5,通常,0,0
2026-04-29,9の日,ハッピ島,8,7938.38,138.43,3,4,5,37.5,50.0,62.5,46.25,全台系候補,0,1
2026-04-29,9の日,ファン島①,10,7977.2,148.54,1,5,6,10.0,50.0,60.0,32.0,通常,0,0
2026-04-29,9の日,ファン島②,10,7120.9,153.78,1,2,6,10.0,20.0,60.0,23.0,通常,0,0
2026-04-29,9の日,マイジャグ島A,25,7548.44,158.12,1,3,11,4.0,12.0,44.0,14.4,通常,0,0
2026-04-29,9の日,マイジャグ島B,25,7825.64,155.09,3,4,11,12.0,16.0,44.0,19.6,通常,0,0
2026-04-29,9の日,ミスタ島,10,7243.5,140.9,3,3,6,30.0,30.0,60.0,36.0,通常,0,0
2026-04-29,9の日,ミラクル島,10,9548.5,124.22,4,7,9,40.0,70.0,90.0,59.0,全台系候補,0,1
2026-05-09,9の日,ガール島,10,9095.4,131.01,5,5,8,50.0,50.0,80.0,56.0,強い全台系,1,1
2026-05-09,9の日,ゴー島①,10,7072.6,145.18,1,3,5,10.0,30.0,50.0,24.0,通常,0,0
2026-05-09,9の日,ゴー島②,10,6728.5,154.82,1,1,2,10.0,10.0,20.0,12.0,通常,0,0
2026-05-09,9の日,ネオアイム島①,8,6633.75,153.2,0,0,3,0.0,0.0,37.5,7.5,通常,0,0
2026-05-09,9の日,ネオアイム島②,8,6784.12,178.7,2,3,5,25.0,37.5,62.5,36.25,通常,0,0
2026-05-09,9の日,ネオアイム島③,12,6268.0,166.9,0,1,3,0.0,8.33,25.0,7.5,通常,0,0
2026-05-09,9の日,ネオアイム島④,12,8543.5,127.42,7,8,10,58.33,66.67,83.33,65.83,強い全台系,1,1
2026-05-09,9の日,ネオアイム島⑤,8,5861.25,171.38,1,1,3,12.5,12.5,37.5,17.5,通常,0,0
2026-05-09,9の日,ハッピ島,8,6093.5,175.54,2,2,3,25.0,25.0,37.5,27.5,通常,0,0
2026-05-09,9の日,ファン島①,10,7846.5,143.03,2,2,6,20.0,20.0,60.0,28.0,通常,0,0
2026-05-09,9の日,ファン島②,10,7394.6,157.27,0,0,6,0.0,0.0,60.0,12.0,通常,0,0
2026-05-09,9の日,マイジャグ島A,25,7465.28,160.52,2,4,8,8.0,16.0,32.0,15.2,通常,0,0
2026-05-09,9の日,マイジャグ島B,25,7209.76,173.99,0,3,6,0.0,12.0,24.0,8.4,通常,0,0
2026-05-09,9の日,ミスタ島,10,6320.2,155.88,1,1,3,10.0,10.0,30.0,14.0,通常,0,0
2026-05-09,9の日,ミラクル島,10,6839.4,151.44,2,4,5,20.0,40.0,50.0,32.0,通常,0,0
2026-05-19,9の日,ガール島,10,9155.7,119.93,6,7,9,60.0,70.0,90.0,69.0,強い全台系,1,1
2026-05-19,9の日,ゴー島①,10,7722.9,157.47,0,2,5,0.0,20.0,50.0,16.0,通常,0,0
2026-05-19,9の日,ゴー島②,10,7802.7,142.46,0,1,6,0.0,10.0,60.0,15.0,通常,0,0
2026-05-19,9の日,ネオアイム島①,8,5745.12,156.5,2,2,3,25.0,25.0,37.5,27.5,通常,0,0
2026-05-19,9の日,ネオアイム島②,8,6536.75,160.14,0,0,2,0.0,0.0,25.0,5.0,通常,0,0
2026-05-19,9の日,ネオアイム島③,12,6435.5,154.67,1,2,6,8.33,16.67,50.0,19.17,通常,0,0
2026-05-19,9の日,ネオアイム島④,12,6520.83,162.14,1,1,4,8.33,8.33,33.33,13.33,通常,0,0
2026-05-19,9の日,ネオアイム島⑤,8,6967.88,161.04,0,1,3,0.0,12.5,37.5,11.25,通常,0,0
2026-05-19,9の日,ハッピ島,8,6968.12,161.45,2,2,3,25.0,25.0,37.5,27.5,通常,0,0
2026-05-19,9の日,ファン島①,10,5932.4,159.98,0,1,3,0.0,10.0,30.0,9.0,通常,0,0
2026-05-19,9の日,ファン島②,10,7457.3,148.91,1,3,4,10.0,30.0,40.0,22.0,通常,0,0
2026-05-19,9の日,マイジャグ島A,25,7264.44,165.13,2,4,10,8.0,16.0,40.0,16.8,通常,0,0
2026-05-19,9の日,マイジャグ島B,25,7556.72,160.66,1,2,9,4.0,8.0,36.0,11.6,通常,0,0
2026-05-19,9の日,ミスタ島,10,4764.4,173.98,0,0,0,0.0,0.0,0.0,0.0,通常,0,0
2026-05-19,9の日,ミラクル島,10,6770.6,158.81,1,2,3,10.0,20.0,30.0,17.0,通常,0,0
2026-05-29,9の日,ガール島,10,7481.0,153.1,2,2,3,20.0,20.0,30.0,22.0,通常,0,0
2026-05-29,9の日,ゴー島①,10,7648.9,138.37,0,1,5,0.0,10.0,50.0,13.0,通常,0,0
2026-05-29,9の日,ゴー島②,10,7391.1,141.42,1,4,6,10.0,40.0,60.0,29.0,通常,0,0
2026-05-29,9の日,ネオアイム島①,8,6890.38,157.72,0,1,3,0.0,12.5,37.5,11.25,通常,0,0
2026-05-29,9の日,ネオアイム島②,8,6100.62,156.35,1,2,3,12.5,25.0,37.5,21.25,通常,0,0
2026-05-29,9の日,ネオアイム島③,12,6482.17,177.12,1,3,4,8.33,25.0,33.33,18.33,通常,0,0
2026-05-29,9の日,ネオアイム島④,12,6190.33,178.78,0,0,3,0.0,0.0,25.0,5.0,通常,0,0
2026-05-29,9の日,ネオアイム島⑤,8,6837.62,165.52,2,2,3,25.0,25.0,37.5,27.5,通常,0,0
2026-05-29,9の日,ハッピ島,8,8304.88,133.35,3,4,7,37.5,50.0,87.5,51.25,全台系候補,0,1
2026-05-29,9の日,ファン島①,10,7491.2,149.54,0,3,7,0.0,30.0,70.0,23.0,通常,0,0
2026-05-29,9の日,ファン島②,10,6376.9,187.84,1,1,2,10.0,10.0,20.0,12.0,通常,0,0
2026-05-29,9の日,マイジャグ島A,25,8130.76,152.86,2,4,11,8.0,16.0,44.0,17.6,通常,0,0
2026-05-29,9の日,マイジャグ島B,25,8120.16,161.12,3,3,9,12.0,12.0,36.0,16.8,通常,0,0
2026-05-29,9の日,ミスタ島,10,6790.9,155.51,0,1,5,0.0,10.0,50.0,13.0,通常,0,0
2026-05-29,9の日,ミラクル島,10,7484.2,152.64,2,4,4,20.0,40.0,40.0,30.0,通常,0,0
2026-06-09,9の日,ガール島,10,6699.8,153.32,3,3,3,30.0,30.0,30.0,30.0,通常,0,0
2026-06-09,9の日,ゴー島①,10,5678.0,151.15,2,2,4,20.0,20.0,40.0,24.0,通常,0,0
2026-06-09,9の日,ゴー島②,10,6442.3,149.56,1,1,3,10.0,10.0,30.0,14.0,通常,0,0
2026-06-09,9の日,ネオアイム島①,8,8318.5,131.25,3,4,6,37.5,50.0,75.0,48.75,全台系候補,0,1
2026-06-09,9の日,ネオアイム島②,8,5217.38,174.71,0,1,4,0.0,12.5,50.0,13.75,通常,0,0
2026-06-09,9の日,ネオアイム島③,12,5615.17,163.73,3,4,5,25.0,33.33,41.67,30.83,通常,0,0
2026-06-09,9の日,ネオアイム島④,12,5610.08,160.43,0,2,5,0.0,16.67,41.67,13.33,通常,0,0
2026-06-09,9の日,ネオアイム島⑤,8,5515.0,160.51,0,1,2,0.0,12.5,25.0,8.75,通常,0,0
2026-06-09,9の日,ハッピ島,8,6733.12,148.4,1,2,5,12.5,25.0,62.5,26.25,通常,0,0
2026-06-09,9の日,ファン島①,10,6448.6,176.89,1,1,1,10.0,10.0,10.0,10.0,通常,0,0
2026-06-09,9の日,ファン島②,10,8017.2,146.53,2,6,7,20.0,60.0,70.0,42.0,通常,0,0
2026-06-09,9の日,マイジャグ島A,25,6654.76,166.47,1,2,10,4.0,8.0,40.0,12.4,通常,0,0
2026-06-09,9の日,マイジャグ島B,25,7510.84,151.04,3,6,13,12.0,24.0,52.0,23.6,通常,0,0
2026-06-09,9の日,ミスタ島,10,9211.4,120.31,6,8,9,60.0,80.0,90.0,72.0,強い全台系,1,1
2026-06-09,9の日,ミラクル島,10,5544.3,177.56,2,2,3,20.0,20.0,30.0,22.0,通常,0,0
2026-06-19,9の日,ガール島,10,6991.9,160.05,1,2,4,10.0,20.0,40.0,19.0,通常,0,0
2026-06-19,9の日,ゴー島①,10,7184.5,152.79,0,1,4,0.0,10.0,40.0,11.0,通常,0,0
2026-06-19,9の日,ゴー島②,10,7009.4,151.29,0,0,2,0.0,0.0,20.0,4.0,通常,0,0
2026-06-19,9の日,ネオアイム島①,8,6800.62,165.25,0,0,2,0.0,0.0,25.0,5.0,通常,0,0
2026-06-19,9の日,ネオアイム島②,8,7899.0,151.1,0,4,6,0.0,50.0,75.0,30.0,通常,0,0
2026-06-19,9の日,ネオアイム島③,12,7032.25,156.08,1,2,5,8.33,16.67,41.67,17.5,通常,0,0
2026-06-19,9の日,ネオアイム島④,12,8661.75,123.34,7,10,12,58.33,83.33,100.0,74.17,強い全台系,1,1
2026-06-19,9の日,ネオアイム島⑤,8,7126.75,151.59,1,2,5,12.5,25.0,62.5,26.25,通常,0,0
2026-06-19,9の日,ハッピ島,8,7156.25,146.29,1,3,5,12.5,37.5,62.5,30.0,通常,0,0
2026-06-19,9の日,ファン島①,10,6922.3,154.39,2,2,5,20.0,20.0,50.0,26.0,通常,0,0
2026-06-19,9の日,ファン島②,10,6757.7,164.07,0,0,3,0.0,0.0,30.0,6.0,通常,0,0
2026-06-19,9の日,マイジャグ島A,25,8123.04,147.5,4,6,12,16.0,24.0,48.0,24.8,通常,0,0
2026-06-19,9の日,マイジャグ島B,25,7751.12,153.4,4,5,10,16.0,20.0,40.0,22.0,通常,0,0
2026-06-19,9の日,ミスタ島,10,7052.6,146.26,1,4,6,10.0,40.0,60.0,29.0,通常,0,0
2026-06-19,9の日,ミラクル島,10,7741.3,139.26,2,5,6,20.0,50.0,60.0,37.0,通常,0,0
2026-06-29,9の日,ガール島,10,6388.8,155.86,1,2,4,10.0,20.0,40.0,19.0,通常,0,0
2026-06-29,9の日,ゴー島①,10,7027.3,157.29,0,2,3,0.0,20.0,30.0,12.0,通常,0,0
2026-06-29,9の日,ゴー島②,10,7463.3,133.98,4,4,8,40.0,40.0,80.0,48.0,全台系候補,0,1
2026-06-29,9の日,ネオアイム島①,8,5606.12,168.92,0,1,2,0.0,12.5,25.0,8.75,通常,0,0
2026-06-29,9の日,ネオアイム島②,8,7324.5,155.21,0,2,2,0.0,25.0,25.0,12.5,通常,0,0
2026-06-29,9の日,ネオアイム島③,12,6462.5,175.78,1,1,4,8.33,8.33,33.33,13.33,通常,0,0
2026-06-29,9の日,ネオアイム島④,12,6321.25,164.48,1,2,3,8.33,16.67,25.0,14.17,通常,0,0
2026-06-29,9の日,ネオアイム島⑤,8,7679.5,132.14,3,6,7,37.5,75.0,87.5,58.75,全台系候補,0,1
2026-06-29,9の日,ハッピ島,8,6515.75,153.05,1,1,2,12.5,12.5,25.0,15.0,通常,0,0
2026-06-29,9の日,ファン島①,10,8911.3,135.66,3,5,8,30.0,50.0,80.0,46.0,通常,0,0
2026-06-29,9の日,ファン島②,10,6739.8,167.22,0,0,4,0.0,0.0,40.0,8.0,通常,0,0
2026-06-29,9の日,マイジャグ島A,25,7921.8,150.82,3,6,13,12.0,24.0,52.0,23.6,通常,0,0
2026-06-29,9の日,マイジャグ島B,25,7934.76,140.13,3,7,19,12.0,28.0,76.0,29.6,通常,0,0
2026-06-29,9の日,ミスタ島,10,6633.7,143.13,4,4,5,40.0,40.0,50.0,42.0,全台系候補,0,1
2026-06-29,9の日,ミラクル島,10,7236.9,146.39,2,4,5,20.0,40.0,50.0,32.0,通常,0,0
2026-07-09,9の日,ガール島,10,5651.0,165.07,2,2,3,20.0,20.0,30.0,22.0,通常,0,0
2026-07-09,9の日,ゴー島①,10,7172.5,148.65,0,2,4,0.0,20.0,40.0,14.0,通常,0,0
2026-07-09,9の日,ゴー島②,10,8872.5,123.31,6,6,8,60.0,60.0,80.0,64.0,強い全台系,1,1
2026-07-09,9の日,ネオアイム島①,8,5941.38,143.25,2,3,3,25.0,37.5,37.5,31.25,通常,0,0
2026-07-09,9の日,ネオアイム島②,8,9067.38,131.19,3,5,7,37.5,62.5,87.5,55.0,全台系候補,0,1
2026-07-09,9の日,ネオアイム島③,12,6543.83,158.48,1,1,4,8.33,8.33,33.33,13.33,通常,0,0
2026-07-09,9の日,ネオアイム島④,12,5733.67,170.3,1,1,2,8.33,8.33,16.67,10.0,通常,0,0
2026-07-09,9の日,ネオアイム島⑤,8,5761.75,175.91,0,1,3,0.0,12.5,37.5,11.25,通常,0,0
2026-07-09,9の日,ハッピ島,8,5493.12,151.69,1,2,4,12.5,25.0,50.0,23.75,通常,0,0
2026-07-09,9の日,ファン島①,10,6728.9,159.4,2,3,4,20.0,30.0,40.0,27.0,通常,0,0
2026-07-09,9の日,ファン島②,10,6083.3,172.48,0,2,2,0.0,20.0,20.0,10.0,通常,0,0
2026-07-09,9の日,マイジャグ島A,25,7458.6,150.91,4,6,11,16.0,24.0,44.0,24.0,通常,0,0
2026-07-09,9の日,マイジャグ島B,25,7265.88,150.19,5,6,12,20.0,24.0,48.0,26.8,通常,0,0
2026-07-09,9の日,ミスタ島,10,6696.0,149.58,1,1,5,10.0,10.0,50.0,18.0,通常,0,0
2026-07-09,9の日,ミラクル島,10,6627.7,153.85,1,1,3,10.0,10.0,30.0,14.0,通常,0,0
2026-07-19,9の日,ガール島,10,7062.6,154.99,1,3,4,10.0,30.0,40.0,22.0,通常,0,0
2026-07-19,9の日,ゴー島①,10,6988.0,160.72,1,2,3,10.0,20.0,30.0,17.0,通常,0,0
2026-07-19,9の日,ゴー島②,10,7868.3,138.45,3,3,6,30.0,30.0,60.0,36.0,通常,0,0
2026-07-19,9の日,ネオアイム島①,8,5910.5,191.59,0,2,2,0.0,25.0,25.0,12.5,通常,0,0
2026-07-19,9の日,ネオアイム島②,8,8271.75,141.57,3,4,5,37.5,50.0,62.5,46.25,全台系候補,0,1
2026-07-19,9の日,ネオアイム島③,12,7332.75,151.88,1,1,7,8.33,8.33,58.33,18.33,通常,0,0
2026-07-19,9の日,ネオアイム島④,12,7855.42,152.12,1,1,5,8.33,8.33,41.67,15.0,通常,0,0
2026-07-19,9の日,ネオアイム島⑤,8,8165.38,133.14,4,5,7,50.0,62.5,87.5,61.25,強い全台系,1,1
2026-07-19,9の日,ハッピ島,8,9105.88,112.84,7,8,8,87.5,100.0,100.0,93.75,強い全台系,1,1
2026-07-19,9の日,ファン島①,10,9102.9,123.74,4,8,10,40.0,80.0,100.0,64.0,全台系候補,0,1
2026-07-19,9の日,ファン島②,10,7012.5,171.9,0,0,3,0.0,0.0,30.0,6.0,通常,0,0
2026-07-19,9の日,マイジャグ島A,25,7961.04,145.75,4,6,14,16.0,24.0,56.0,26.4,通常,0,0
2026-07-19,9の日,マイジャグ島B,25,7618.76,159.08,4,7,11,16.0,28.0,44.0,25.2,通常,0,0
2026-07-19,9の日,ミスタ島,10,8808.6,118.77,6,7,9,60.0,70.0,90.0,69.0,強い全台系,1,1
2026-07-19,9の日,ミラクル島,10,6921.1,151.33,2,3,4,20.0,30.0,40.0,27.0,通常,0,0
2026-07-29,9の日,ガール島,10,6656.2,149.39,3,4,5,30.0,40.0,50.0,37.0,通常,0,0
2026-07-29,9の日,ゴー島①,10,7358.9,154.46,1,1,4,10.0,10.0,40.0,16.0,通常,0,0
2026-07-29,9の日,ゴー島②,10,8452.9,135.06,3,5,6,30.0,50.0,60.0,42.0,通常,0,0
2026-07-29,9の日,ネオアイム島①,8,7025.0,149.54,1,1,4,12.5,12.5,50.0,20.0,通常,0,0
2026-07-29,9の日,ネオアイム島②,8,7348.25,135.07,3,3,6,37.5,37.5,75.0,45.0,全台系候補,0,1
2026-07-29,9の日,ネオアイム島③,12,6959.92,156.28,0,1,5,0.0,8.33,41.67,10.83,通常,0,0
2026-07-29,9の日,ネオアイム島④,12,7162.5,148.8,2,3,5,16.67,25.0,41.67,24.17,通常,0,0
2026-07-29,9の日,ネオアイム島⑤,8,6899.75,153.98,1,1,3,12.5,12.5,37.5,17.5,通常,0,0
2026-07-29,9の日,ハッピ島,8,7453.38,143.48,3,4,5,37.5,50.0,62.5,46.25,全台系候補,0,1
2026-07-29,9の日,ファン島①,10,6439.4,167.9,0,2,2,0.0,20.0,20.0,10.0,通常,0,0
2026-07-29,9の日,ファン島②,10,6979.1,153.01,2,3,6,20.0,30.0,60.0,31.0,通常,0,0
2026-07-29,9の日,マイジャグ島A,25,8082.04,162.71,1,1,9,4.0,4.0,36.0,10.4,通常,0,0
2026-07-29,9の日,マイジャグ島B,25,8414.24,139.02,6,9,16,24.0,36.0,64.0,35.6,通常,0,0
2026-07-29,9の日,ミスタ島,10,7783.2,145.39,1,3,6,10.0,30.0,60.0,26.0,通常,0,0
2026-07-29,9の日,ミラクル島,10,7122.3,150.64,1,1,4,10.0,10.0,40.0,16.0,通常,0,0
2026-08-09,9の日,ガール島,10,9182.4,124.27,6,7,8,60.0,70.0,80.0,67.0,強い全台系,1,1
2026-08-09,9の日,ゴー島①,10,6457.7,163.85,1,1,2,10.0,10.0,20.0,12.0,通常,0,0
2026-08-09,9の日,ゴー島②,10,7816.5,130.62,3,5,5,30.0,50.0,50.0,40.0,通常,0,0
2026-08-09,9の日,ネオアイム島①,8,5852.75,167.01,0,2,2,0.0,25.0,25.0,12.5,通常,0,0
2026-08-09,9の日,ネオアイム島②,8,5557.25,190.44,0,1,2,0.0,12.5,25.0,8.75,通常,0,0
2026-08-09,9の日,ネオアイム島③,12,5901.17,178.99,1,1,5,8.33,8.33,41.67,15.0,通常,0,0
2026-08-09,9の日,ネオアイム島④,12,5870.58,167.46,2,2,4,16.67,16.67,33.33,20.0,通常,0,0
2026-08-09,9の日,ネオアイム島⑤,8,5541.38,160.45,0,0,3,0.0,0.0,37.5,7.5,通常,0,0
2026-08-09,9の日,ハッピ島,8,6505.5,168.56,1,1,3,12.5,12.5,37.5,17.5,通常,0,0
2026-08-09,9の日,ファン島①,10,6761.1,151.35,1,3,5,10.0,30.0,50.0,24.0,通常,0,0
2026-08-09,9の日,ファン島②,10,5841.3,173.71,0,0,0,0.0,0.0,0.0,0.0,通常,0,0
2026-08-09,9の日,マイジャグ島A,15,7869.07,153.19,1,4,7,6.67,26.67,46.67,20.67,通常,0,0
2026-08-09,9の日,マイジャグ島B,10,7875.0,147.57,2,3,6,20.0,30.0,60.0,31.0,通常,0,0
2026-08-09,9の日,マイジャグ島C,10,7817.7,165.13,1,1,3,10.0,10.0,30.0,14.0,通常,0,0
2026-08-09,9の日,マイジャグ島D,15,7437.93,162.23,1,2,4,6.67,13.33,26.67,12.67,通常,0,0
2026-08-09,9の日,ミスタ島,10,8020.5,142.71,0,3,7,0.0,30.0,70.0,23.0,通常,0,0
2026-08-09,9の日,ミラクル島,10,6423.0,170.96,0,2,3,0.0,20.0,30.0,12.0,通常,0,0
