store,island,machine,machine_no
ひまわりタワー,ネオアイム島①,ネオアイムジャグラーEX,901
ひまわりタワー,ネオアイム島①,ネオアイムジャグラーEX,902
ひまわりタワー,ネオアイム島①,ネオアイムジャグラーEX,903
ひまわりタワー,ネオアイム島①,ネオアイムジャグラーEX,904
ひまわりタワー,ネオアイム島①,ネオアイムジャグラーEX,905
ひまわりタワー,ネオアイム島①,ネオアイムジャグラーEX,906
ひまわりタワー,ネオアイム島①,ネオアイムジャグラーEX,907
ひまわりタワー,ネオアイム島①,ネオアイムジャグラーEX,908
ひまわりタワー,ガール島,ジャグラーガールズSS,919
ひまわりタワー,ガール島,ジャグラーガールズSS,920
ひまわりタワー,ガール島,ジャグラーガールズSS,921
ひまわりタワー,ガール島,ジャグラーガールズSS,922
ひまわりタワー,ガール島,ジャグラーガールズSS,923
ひまわりタワー,ガール島,ジャグラーガールズSS,924
ひまわりタワー,ガール島,ジャグラーガールズSS,925
ひまわりタワー,ガール島,ジャグラーガールズSS,926
ひまわりタワー,ガール島,ジャグラーガールズSS,927
ひまわりタワー,ガール島,ジャグラーガールズSS,928
ひまわりタワー,ネオアイム島②,ネオアイムジャグラーEX,929
ひまわりタワー,ネオアイム島②,ネオアイムジャグラーEX,930
ひまわりタワー,ネオアイム島②,ネオアイムジャグラーEX,931
ひまわりタワー,ネオアイム島②,ネオアイムジャグラーEX,932
ひまわりタワー,ネオアイム島②,ネオアイムジャグラーEX,933
ひまわりタワー,ネオアイム島②,ネオアイムジャグラーEX,934
ひまわりタワー,ネオアイム島②,ネオアイムジャグラーEX,935
ひまわりタワー,ネオアイム島②,ネオアイムジャグラーEX,936
ひまわりタワー,ネオアイム島③,ネオアイムジャグラーEX,937
ひまわりタワー,ネオアイム島③,ネオアイムジャグラーEX,938
ひまわりタワー,ネオアイム島③,ネオアイムジャグラーEX,939
ひまわりタワー,ネオアイム島③,ネオアイムジャグラーEX,940
ひまわりタワー,ネオアイム島③,ネオアイムジャグラーEX,941
ひまわりタワー,ネオアイム島③,ネオアイムジャグラーEX,942
ひまわりタワー,ネオアイム島③,ネオアイムジャグラーEX,943
ひまわりタワー,ネオアイム島③,ネオアイムジャグラーEX,944
ひまわりタワー,ネオアイム島③,ネオアイムジャグラーEX,945
ひまわりタワー,ネオアイム島③,ネオアイムジャグラーEX,946
ひまわりタワー,ネオアイム島③,ネオアイムジャグラーEX,947
ひまわりタワー,ネオアイム島③,ネオアイムジャグラーEX,948
ひまわりタワー,ミラクル島,ウルトラミラクルジャグラー,949
ひまわりタワー,ミラクル島,ウルトラミラクルジャグラー,950
ひまわりタワー,ミラクル島,ウルトラミラクルジャグラー,951
ひまわりタワー,ミラクル島,ウルトラミラクルジャグラー,952
ひまわりタワー,ミラクル島,ウルトラミラクルジャグラー,953
ひまわりタワー,ミラクル島,ウルトラミラクルジャグラー,954
ひまわりタワー,ミラクル島,ウルトラミラクルジャグラー,955
ひまわりタワー,ミラクル島,ウルトラミラクルジャグラー,956
ひまわりタワー,ミラクル島,ウルトラミラクルジャグラー,957
ひまわりタワー,ミラクル島,ウルトラミラクルジャグラー,958
ひまわりタワー,ファン島①,ファンキージャグラー2,959
ひまわりタワー,ファン島①,ファンキージャグラー2,960
ひまわりタワー,ファン島①,ファンキージャグラー2,961
ひまわりタワー,ファン島①,ファンキージャグラー2,962
ひまわりタワー,ファン島①,ファンキージャグラー2,963
ひまわりタワー,ファン島①,ファンキージャグラー2,964
ひまわりタワー,ファン島①,ファンキージャグラー2,965
ひまわりタワー,ファン島①,ファンキージャグラー2,966
ひまわりタワー,ファン島①,ファンキージャグラー2,967
ひまわりタワー,ファン島①,ファンキージャグラー2,968
ひまわりタワー,マイジャグ島A,マイジャグラーV,969
ひまわりタワー,マイジャグ島A,マイジャグラーV,970
ひまわりタワー,マイジャグ島A,マイジャグラーV,971
ひまわりタワー,マイジャグ島A,マイジャグラーV,972
ひまわりタワー,マイジャグ島A,マイジャグラーV,973
ひまわりタワー,マイジャグ島A,マイジャグラーV,974
ひまわりタワー,マイジャグ島A,マイジャグラーV,975
ひまわりタワー,マイジャグ島A,マイジャグラーV,976
ひまわりタワー,マイジャグ島A,マイジャグラーV,977
ひまわりタワー,マイジャグ島A,マイジャグラーV,978
ひまわりタワー,マイジャグ島A,マイジャグラーV,979
ひまわりタワー,マイジャグ島A,マイジャグラーV,980
ひまわりタワー,マイジャグ島A,マイジャグラーV,981
ひまわりタワー,マイジャグ島A,マイジャグラーV,982
ひまわりタワー,マイジャグ島A,マイジャグラーV,983
ひまわりタワー,マイジャグ島B,マイジャグラーV,984
ひまわりタワー,マイジャグ島B,マイジャグラーV,985
ひまわりタワー,マイジャグ島B,マイジャグラーV,986
ひまわりタワー,マイジャグ島B,マイジャグラーV,987
ひまわりタワー,マイジャグ島B,マイジャグラーV,988
ひまわりタワー,マイジャグ島B,マイジャグラーV,989
ひまわりタワー,マイジャグ島B,マイジャグラーV,990
ひまわりタワー,マイジャグ島B,マイジャグラーV,991
ひまわりタワー,マイジャグ島B,マイジャグラーV,992
ひまわりタワー,マイジャグ島B,マイジャグラーV,993
ひまわりタワー,ファン島②,ファンキージャグラー2,994
ひまわりタワー,ファン島②,ファンキージャグラー2,995
ひまわりタワー,ファン島②,ファンキージャグラー2,996
ひまわりタワー,ファン島②,ファンキージャグラー2,997
ひまわりタワー,ファン島②,ファンキージャグラー2,998
ひまわりタワー,ファン島②,ファンキージャグラー2,999
ひまわりタワー,ファン島②,ファンキージャグラー2,1000
ひまわりタワー,ファン島②,ファンキージャグラー2,1001
ひまわりタワー,ファン島②,ファンキージャグラー2,1002
ひまわりタワー,ファン島②,ファンキージャグラー2,1003
ひまわりタワー,ゴー島①,ゴーゴージャグラー3,1004
ひまわりタワー,ゴー島①,ゴーゴージャグラー3,1005
ひまわりタワー,ゴー島①,ゴーゴージャグラー3,1006
ひまわりタワー,ゴー島①,ゴーゴージャグラー3,1007
ひまわりタワー,ゴー島①,ゴーゴージャグラー3,1008
ひまわりタワー,ゴー島①,ゴーゴージャグラー3,1009
ひまわりタワー,ゴー島①,ゴーゴージャグラー3,1010
ひまわりタワー,ゴー島①,ゴーゴージャグラー3,1011
ひまわりタワー,ゴー島①,ゴーゴージャグラー3,1012
ひまわりタワー,ゴー島①,ゴーゴージャグラー3,1013
ひまわりタワー,マイジャグ島C,マイジャグラーV,1014
ひまわりタワー,マイジャグ島C,マイジャグラーV,1015
ひまわりタワー,マイジャグ島C,マイジャグラーV,1016
ひまわりタワー,マイジャグ島C,マイジャグラーV,1017
ひまわりタワー,マイジャグ島C,マイジャグラーV,1018
ひまわりタワー,マイジャグ島C,マイジャグラーV,1019
ひまわりタワー,マイジャグ島C,マイジャグラーV,1020
ひまわりタワー,マイジャグ島C,マイジャグラーV,1021
ひまわりタワー,マイジャグ島C,マイジャグラーV,1022
ひまわりタワー,マイジャグ島C,マイジャグラーV,1023
ひまわりタワー,マイジャグ島D,マイジャグラーV,1024
ひまわりタワー,マイジャグ島D,マイジャグラーV,1025
ひまわりタワー,マイジャグ島D,マイジャグラーV,1026
ひまわりタワー,マイジャグ島D,マイジャグラーV,1027
ひまわりタワー,マイジャグ島D,マイジャグラーV,1028
ひまわりタワー,マイジャグ島D,マイジャグラーV,1029
ひまわりタワー,マイジャグ島D,マイジャグラーV,1030
ひまわりタワー,マイジャグ島D,マイジャグラーV,1031
ひまわりタワー,マイジャグ島D,マイジャグラーV,1032
ひまわりタワー,マイジャグ島D,マイジャグラーV,1033
ひまわりタワー,マイジャグ島D,マイジャグラーV,1034
ひまわりタワー,マイジャグ島D,マイジャグラーV,1035
ひまわりタワー,マイジャグ島D,マイジャグラーV,1036
ひまわりタワー,マイジャグ島D,マイジャグラーV,1037
ひまわりタワー,マイジャグ島D,マイジャグラーV,1038
ひまわりタワー,ゴー島②,ゴーゴージャグラー3,1039
ひまわりタワー,ゴー島②,ゴーゴージャグラー3,1040
ひまわりタワー,ゴー島②,ゴーゴージャグラー3,1041
ひまわりタワー,ゴー島②,ゴーゴージャグラー3,1042
ひまわりタワー,ゴー島②,ゴーゴージャグラー3,1043
ひまわりタワー,ゴー島②,ゴーゴージャグラー3,1044
ひまわりタワー,ゴー島②,ゴーゴージャグラー3,1045
ひまわりタワー,ゴー島②,ゴーゴージャグラー3,1046
ひまわりタワー,ゴー島②,ゴーゴージャグラー3,1047
ひまわりタワー,ゴー島②,ゴーゴージャグラー3,1048
ひまわりタワー,ネオアイム島④,ネオアイムジャグラーEX,1059
ひまわりタワー,ネオアイム島④,ネオアイムジャグラーEX,1060
ひまわりタワー,ネオアイム島④,ネオアイムジャグラーEX,1061
ひまわりタワー,ネオアイム島④,ネオアイムジャグラーEX,1062
ひまわりタワー,ネオアイム島④,ネオアイムジャグラーEX,1063
ひまわりタワー,ネオアイム島④,ネオアイムジャグラーEX,1064
ひまわりタワー,ネオアイム島④,ネオアイムジャグラーEX,1065
ひまわりタワー,ネオアイム島④,ネオアイムジャグラーEX,1066
ひまわりタワー,ネオアイム島④,ネオアイムジャグラーEX,1067
ひまわりタワー,ネオアイム島④,ネオアイムジャグラーEX,1068
ひまわりタワー,ネオアイム島④,ネオアイムジャグラーEX,1069
ひまわりタワー,ネオアイム島④,ネオアイムジャグラーEX,1070
ひまわりタワー,ネオアイム島⑤,ネオアイムジャグラーEX,1071
ひまわりタワー,ネオアイム島⑤,ネオアイムジャグラーEX,1072
ひまわりタワー,ネオアイム島⑤,ネオアイムジャグラーEX,1073
ひまわりタワー,ネオアイム島⑤,ネオアイムジャグラーEX,1074
ひまわりタワー,ネオアイム島⑤,ネオアイムジャグラーEX,1075
ひまわりタワー,ネオアイム島⑤,ネオアイムジャグラーEX,1076
ひまわりタワー,ネオアイム島⑤,ネオアイムジャグラーEX,1077
ひまわりタワー,ネオアイム島⑤,ネオアイムジャグラーEX,1078
ひまわりタワー,ミスタ島,ミスタージャグラー,1089
ひまわりタワー,ミスタ島,ミスタージャグラー,1090
ひまわりタワー,ミスタ島,ミスタージャグラー,1091
ひまわりタワー,ミスタ島,ミスタージャグラー,1092
ひまわりタワー,ミスタ島,ミスタージャグラー,1093
ひまわりタワー,ミスタ島,ミスタージャグラー,1094
ひまわりタワー,ミスタ島,ミスタージャグラー,1095
ひまわりタワー,ミスタ島,ミスタージャグラー,1096
ひまわりタワー,ミスタ島,ミスタージャグラー,1097
ひまわりタワー,ミスタ島,ミスタージャグラー,1098
ひまわりタワー,ハッピ島,ハッピージャグラーVⅢ,1099
ひまわりタワー,ハッピ島,ハッピージャグラーVⅢ,1100
ひまわりタワー,ハッピ島,ハッピージャグラーVⅢ,1101
ひまわりタワー,ハッピ島,ハッピージャグラーVⅢ,1102
ひまわりタワー,ハッピ島,ハッピージャグラーVⅢ,1103
ひまわりタワー,ハッピ島,ハッピージャグラーVⅢ,1104
ひまわりタワー,ハッピ島,ハッピージャグラーVⅢ,1105
ひまわりタワー,ハッピ島,ハッピージャグラーVⅢ,1106
